Tura,Zysk
1,179.64000000000001
2,169.42
3,125.84000000000005
4,131.29999999999998
5,131.04
6,115.43
7,163.55
8,101.02999999999999
9,169.42
10,139.18
11,148.52
12,136.20999999999998
13,81.89
14,169.05
15,187.81000000000003
16,148.99999999999997
17,164.03
18,127.44999999999997
19,137.75000000000006
20,130.20000000000002
21,178.80000000000004
22,80.43
23,122.43000000000002
24,132.24999999999997
25,110.19
26,171.57999999999998
27,174.33
28,120.44999999999997
29,82.44
30,147.39000000000001
