Tura,Zysk
1,79.06522596324027
2,76.71603283327009
3,153.71603283327008
4,76.71603283327009
5,119.33681452898448
6,70.47001580572683
7,85.5665209516835
8,90.71603283327008
9,112.15539381309388
10,105.87158764681088
11,62.477486666972396
12,127.17898437428788
13,52.07642366113262
14,128.84544924243679
15,112.33681452898448
16,163.91902986407626
17,152.519253100202
18,169.43601038423205
19,143.9021255990842
20,168.93367882430613
21,172.26312134275017
22,180.40796106915417
