Tura,Zysk
1,-571.641014560799
2,-81.6410145607995
3,-676.641014560799
4,-67.6410145607995
5,-256.641014560800
6,-746.641014560800
7,2.35898543920055
8,-606.641014560799
9,-403.641014560799
10,-515.641014560800
11,44.3589854392006
12,44.3589854392006
13,16.3589854392006
14,-501.641014560800
15,-403.641014560799
16,-522.641014560800
17,9.35898543920055
18,-445.641014560799
19,-4.64101456079945
20,-67.6410145607995
