Tura,Zysk
1,-166.45176241128456
2,-132.69914581625522
3,-177.2287000777901
4,-126.2980629385698
5,44.14711833578649
6,44.14711833578649
7,43.515516268148716
8,44.14711833578649
