Tura,Zysk
1,151.9
2,87.61000000000001
3,94.03
4,157.35
5,160.62
6,184.04999999999998
7,166.5
8,173.77
9,176.89
